{
    "Markov_DP": {
        "Recall": [
            0.6703769022775331,
            0.1782378654612843
        ],
        "Precision": [
            0.6703769022775331,
            0.1782378654612843
        ],
        "F1": [
            0.6703769022775331,
            0.1782378654612843
        ],
        "pairsF1": [
            0.4608476171567655,
            0.2717288071095187
        ],
        "true_F1": [
            0.2896827672852909,
            0.3616319254139222
        ],
        "true_pairF1": [
            0.17746641721405126,
            0.34523130103776456
        ]
    },
    "MarkovPath_ILP": {
        "Recall": [
            0.6930639330875925,
            0.1648825938196903
        ],
        "Precision": [
            0.6930639330875925,
            0.1648825938196903
        ],
        "F1": [
            0.6930639330875925,
            0.1648825938196903
        ],
        "pairsF1": [
            0.4289476296574089,
            0.262872390021362
        ],
        "true_F1": [
            0.320830943504445,
            0.37281012415904524
        ],
        "true_pairF1": [
            0.16285045133625575,
            0.3443967552762304
        ]
    }
}