{
    "Markov_DP": {
        "Recall": [
            0.6900709219858157,
            0.14286247807407912
        ],
        "Precision": [
            0.6900709219858157,
            0.14286247807407912
        ],
        "F1": [
            0.6900709219858157,
            0.14286247807407912
        ],
        "pairsF1": [
            0.4304964539007092,
            0.25300368504161275
        ],
        "true_F1": [
            0.21808510638297868,
            0.3571099814569656
        ],
        "true_pairF1": [
            0.14893617021276595,
            0.33551421765999634
        ]
    },
    "MarkovPath_ILP": {
        "Recall": [
            0.7021276595744681,
            0.14027232132022682
        ],
        "Precision": [
            0.7021276595744681,
            0.14027232132022682
        ],
        "F1": [
            0.7021276595744681,
            0.14027232132022682
        ],
        "pairsF1": [
            0.43049645390070906,
            0.24531831853857353
        ],
        "true_F1": [
            0.23758865248226949,
            0.36988382440866097
        ],
        "true_pairF1": [
            0.1631205673758865,
            0.335963667583745
        ]
    }
}