{
    "Markov_DP": {
        "Recall": [
            0.7035718841688993,
            0.16441250764547913
        ],
        "Precision": [
            0.7035718841688993,
            0.16441250764547913
        ],
        "F1": [
            0.7035718841688993,
            0.16441250764547913
        ],
        "pairsF1": [
            0.46732965210577154,
            0.27293647659500303
        ],
        "true_F1": [
            0.27894004005944306,
            0.38607188874300713
        ],
        "true_pairF1": [
            0.19679136783614398,
            0.3767163345129413
        ]
    },
    "MarkovPath_ILP": {
        "Recall": [
            0.7182651759517432,
            0.15195236046682847
        ],
        "Precision": [
            0.7182651759517432,
            0.15195236046682847
        ],
        "F1": [
            0.7182651759517432,
            0.15195236046682847
        ],
        "pairsF1": [
            0.4576966814280247,
            0.2632631437945916
        ],
        "true_F1": [
            0.2992498546229889,
            0.39036782521796765
        ],
        "true_pairF1": [
            0.1872843574336112,
            0.3702748940507865
        ]
    }
}