{
    "Markov_DP": {
        "Recall": [
            0.7171768707482994,
            0.16378782775219725
        ],
        "Precision": [
            0.7171768707482994,
            0.16378782775219725
        ],
        "F1": [
            0.7171768707482994,
            0.16378782775219725
        ],
        "pairsF1": [
            0.4797406462585033,
            0.2893462457904023
        ],
        "true_F1": [
            0.2870535714285714,
            0.4066578222925133
        ],
        "true_pairF1": [
            0.22470238095238096,
            0.40073705743377447
        ]
    },
    "MarkovPath_ILP": {
        "Recall": [
            0.7249999999999999,
            0.16471125750206203
        ],
        "Precision": [
            0.7249999999999999,
            0.16471125750206203
        ],
        "F1": [
            0.725,
            0.16471125750206203
        ],
        "pairsF1": [
            0.47419217687074827,
            0.28894057011491514
        ],
        "true_F1": [
            0.2992559523809524,
            0.41618059977759153
        ],
        "true_pairF1": [
            0.22470238095238093,
            0.40364769173370746
        ]
    }
}