{
    "Markov_DP": {
        "Recall": [
            0.7067375886524823,
            0.14682050178869993
        ],
        "Precision": [
            0.7067375886524823,
            0.14682050178869993
        ],
        "F1": [
            0.7067375886524823,
            0.14682050178869993
        ],
        "pairsF1": [
            0.4581560283687942,
            0.2623289117208618
        ],
        "true_F1": [
            0.25709219858156024,
            0.3777303233434939
        ],
        "true_pairF1": [
            0.17730496453900707,
            0.3563079911228502
        ]
    },
    "MarkovPath_ILP": {
        "Recall": [
            0.7145390070921986,
            0.14339752072912557
        ],
        "Precision": [
            0.7145390070921986,
            0.14339752072912557
        ],
        "F1": [
            0.7145390070921986,
            0.14339752072912557
        ],
        "pairsF1": [
            0.45177304964539,
            0.25504910857385227
        ],
        "true_F1": [
            0.2695035460992908,
            0.38370039701344627
        ],
        "true_pairF1": [
            0.18439716312056734,
            0.35602554320598956
        ]
    }
}