{
    "Popularity": {
        "Recall": [
            0.6788655622983982,
            0.12012229088625648
        ],
        "Precision": [
            0.6788655622983982,
            0.12012229088625648
        ],
        "F1": [
            0.6788655622983982,
            0.12012229088625648
        ],
        "pairsF1": [
            0.3845876842891769,
            0.20119608654266893
        ],
        "true_F1": [
            0.19757026555534013,
            0.31832137966488344
        ],
        "true_pairF1": [
            0.09183821153970406,
            0.27394518264912715
        ]
    },
    "POIRank": {
        "Recall": [
            0.5994050808229913,
            0.10862467606396832
        ],
        "Precision": [
            0.5994050808229913,
            0.10862467606396832
        ],
        "F1": [
            0.5994050808229913,
            0.10862467606396832
        ],
        "pairsF1": [
            0.27556557869990705,
            0.10812048140096917
        ],
        "true_F1": [
            0.030061058344640432,
            0.11765831716782568
        ],
        "true_pairF1": [
            0.008245137946630484,
            0.07871438752471599
        ]
    }
}