{
    "Popularity": {
        "Recall": [
            0.7011709286157236,
            0.1599709630397725
        ],
        "Precision": [
            0.7011709286157236,
            0.1599709630397725
        ],
        "F1": [
            0.7011709286157236,
            0.1599709630397725
        ],
        "pairsF1": [
            0.43572260196865875,
            0.258280614718065
        ],
        "true_F1": [
            0.3308870020620809,
            0.37801997352379724
        ],
        "true_pairF1": [
            0.16648879511655537,
            0.3411256954088882
        ]
    },
    "POIRank": {
        "Recall": [
            0.6023105618531487,
            0.1415829898103759
        ],
        "Precision": [
            0.6023105618531487,
            0.1415829898103759
        ],
        "F1": [
            0.6023105618531487,
            0.1415829898103759
        ],
        "pairsF1": [
            0.29978276192787234,
            0.18284024603738488
        ],
        "true_F1": [
            0.13502959973780163,
            0.2521839641379845
        ],
        "true_pairF1": [
            0.04938979702386642,
            0.20070206333478693
        ]
    }
}