{
    "Markov_DP": {
        "Recall": [
            0.6958333333333333,
            0.13482241406136197
        ],
        "Precision": [
            0.6958333333333333,
            0.13482241406136197
        ],
        "F1": [
            0.6958333333333333,
            0.13482241406136197
        ],
        "pairsF1": [
            0.4319444444444444,
            0.24541709897465538
        ],
        "true_F1": [
            0.20486111111111113,
            0.3567951211657109
        ],
        "true_pairF1": [
            0.1527777777777778,
            0.3330438557856055
        ]
    },
    "MarkovPath_ILP": {
        "Recall": [
            0.7111111111111109,
            0.1282599597846133
        ],
        "Precision": [
            0.7111111111111109,
            0.1282599597846133
        ],
        "F1": [
            0.7111111111111109,
            0.12825995978461333
        ],
        "pairsF1": [
            0.43611111111111106,
            0.23705692914218088
        ],
        "true_F1": [
            0.22916666666666666,
            0.3720952312394115
        ],
        "true_pairF1": [
            0.16666666666666666,
            0.33333333333333337
        ]
    }
}