{
    "Markov_DP": {
        "Recall": [
            0.7369579081632652,
            0.17456455470784227
        ],
        "Precision": [
            0.7369579081632652,
            0.17456455470784227
        ],
        "F1": [
            0.7369579081632652,
            0.17456455470784224
        ],
        "pairsF1": [
            0.5203443877551021,
            0.3078588606960863
        ],
        "true_F1": [
            0.34032738095238096,
            0.43091494571523
        ],
        "true_pairF1": [
            0.2764880952380952,
            0.4402298820668876
        ]
    },
    "MarkovPath_ILP": {
        "Recall": [
            0.7507440476190477,
            0.17134441175440734
        ],
        "Precision": [
            0.7507440476190477,
            0.17134441175440734
        ],
        "F1": [
            0.7507440476190477,
            0.17134441175440732
        ],
        "pairsF1": [
            0.520110544217687,
            0.3095811758858079
        ],
        "true_F1": [
            0.3617559523809524,
            0.44090026943019295
        ],
        "true_pairF1": [
            0.28720238095238093,
            0.4420650839039762
        ]
    }
}