{
    "Markov_DP": {
        "Recall": [
            0.7578018707482992,
            0.18541723578532365
        ],
        "Precision": [
            0.7578018707482992,
            0.18541723578532365
        ],
        "F1": [
            0.7578018707482992,
            0.18541723578532365
        ],
        "pairsF1": [
            0.5559098639455782,
            0.3255496060100846
        ],
        "true_F1": [
            0.40684523809523804,
            0.44876126666798155
        ],
        "true_pairF1": [
            0.3416666666666667,
            0.47208798278717445
        ]
    },
    "MarkovPath_ILP": {
        "Recall": [
            0.7697278911564626,
            0.17827623803651466
        ],
        "Precision": [
            0.7697278911564626,
            0.17827623803651466
        ],
        "F1": [
            0.7697278911564626,
            0.17827623803651466
        ],
        "pairsF1": [
            0.557312925170068,
            0.32553805885980297
        ],
        "true_F1": [
            0.4252976190476191,
            0.45116681917500295
        ],
        "true_pairF1": [
            0.3422619047619047,
            0.4715935107085377
        ]
    }
}