{
    "Popularity": {
        "Recall": [
            0.6631205673758865,
            0.1248609709206706
        ],
        "Precision": [
            0.6631205673758865,
            0.1248609709206706
        ],
        "F1": [
            0.6631205673758865,
            0.12486097092067058
        ],
        "pairsF1": [
            0.36453900709219855,
            0.18986174580731094
        ],
        "true_F1": [
            0.14893617021276595,
            0.2860715465262228
        ],
        "true_pairF1": [
            0.06382978723404255,
            0.2444494743207672
        ]
    },
    "POIRank": {
        "Recall": [
            0.6854609929078015,
            0.16569279376708793
        ],
        "Precision": [
            0.6854609929078015,
            0.16569279376708793
        ],
        "F1": [
            0.6854609929078015,
            0.16569279376708793
        ],
        "pairsF1": [
            0.4163120567375885,
            0.2771752430982067
        ],
        "true_F1": [
            0.22163120567375885,
            0.3798549383070194
        ],
        "true_pairF1": [
            0.1702127659574468,
            0.3758196113330999
        ]
    }
}