{
    "Popularity": {
        "Recall": [
            0.7439094387755102,
            0.16529062859066024
        ],
        "Precision": [
            0.7439094387755102,
            0.16529062859066024
        ],
        "F1": [
            0.7439094387755102,
            0.16529062859066024
        ],
        "pairsF1": [
            0.5054421768707483,
            0.2968867570211177
        ],
        "true_F1": [
            0.34345238095238095,
            0.4299337639488436
        ],
        "true_pairF1": [
            0.2544642857142857,
            0.4248014367080833
        ]
    },
    "POIRank": {
        "Recall": [
            0.6315263605442176,
            0.1151220310412791
        ],
        "Precision": [
            0.6315263605442176,
            0.1151220310412791
        ],
        "F1": [
            0.6315263605442176,
            0.11512203104127909
        ],
        "pairsF1": [
            0.3178996598639456,
            0.14843319153222695
        ],
        "true_F1": [
            0.07395833333333333,
            0.20450993070252693
        ],
        "true_pairF1": [
            0.027380952380952377,
            0.16147965900418798
        ]
    }
}